,cosim_0,cosim_1,cosim_2,cosim_3,cosim_4,cosim_5,cosim_6,cosim_7,cosim_8,cosim_9,cosim_A,cosim_accclose,cosim_accopen,cosim_alpha,cosim_B,cosim_bar,cosim_beta,cosim_C,cosim_comma,cosim_cos,cosim_d,cosim_Delta,cosim_div,cosim_E,cosim_equals,cosim_exclamation,cosim_exists,cosim_F,cosim_forall,cosim_G,cosim_gamma,cosim_geq,cosim_H,cosim_hookclose,cosim_hookopen,cosim_I,cosim_in,cosim_infty,cosim_int,cosim_j,cosim_k,cosim_L,cosim_lambda,cosim_ldots,cosim_leq,cosim_less,cosim_lim,cosim_log,cosim_M,cosim_minus,cosim_more,cosim_mu,cosim_N,cosim_neq,cosim_o,cosim_P,cosim_parclose,cosim_paropen,cosim_phi,cosim_pi,cosim_plus,cosim_pm,cosim_point,cosim_prime,cosim_q,cosim_R,cosim_rightarrow,cosim_S,cosim_sigma,cosim_sin,cosim_slash,cosim_sqrt,cosim_sum,cosim_T,cosim_tan,cosim_theta,cosim_times,cosim_u,cosim_V,cosim_w,cosim_X,cosim_Y,cosim_z,AREA_0,AREA_1,AREA_2,AREA_3,AREA_4,AREA_5,AREA_6,AREA_7,AREA_8,AREA_9,AREA_A,AREA_accclose,AREA_accopen,AREA_alpha,AREA_B,AREA_bar,AREA_beta,AREA_C,AREA_comma,AREA_cos,AREA_d,AREA_Delta,AREA_div,AREA_E,AREA_equals,AREA_exclamation,AREA_exists,AREA_F,AREA_forall,AREA_G,AREA_gamma,AREA_geq,AREA_H,AREA_hookclose,AREA_hookopen,AREA_I,AREA_in,AREA_infty,AREA_int,AREA_j,AREA_k,AREA_L,AREA_lambda,AREA_ldots,AREA_leq,AREA_less,AREA_lim,AREA_log,AREA_M,AREA_minus,AREA_more,AREA_mu,AREA_N,AREA_neq,AREA_o,AREA_P,AREA_parclose,AREA_paropen,AREA_phi,AREA_pi,AREA_plus,AREA_pm,AREA_point,AREA_prime,AREA_q,AREA_R,AREA_rightarrow,AREA_S,AREA_sigma,AREA_sin,AREA_slash,AREA_sqrt,AREA_sum,AREA_T,AREA_tan,AREA_theta,AREA_times,AREA_u,AREA_V,AREA_w,AREA_X,AREA_Y,AREA_z
0,0.7340518896490158,0.7190344922560071,0.7913604469870873,0.8083645279144535,0.7126379818742135,0.7493344662613403,0.7501042580122383,0.8079528507011485,0.754675917006044,0.7524077766024526,0.8229297449009665,0.8977411793985433,0.9163962434826681,0.7918273765431113,0.6773120682498015,,0.8866983758102367,0.7887976348442804,,0.8797630514721242,0.8090615835354283,0.8988764391915203,0.8889695650094274,0.7346819846170727,0.7407199106687358,,0.8765681893652084,0.6826751795808228,0.8904269441807348,0.7725074280360568,0.8593882281219131,0.904170791186196,0.7520727796562184,0.7815610213158711,0.605971017617305,,0.8415129052250098,0.8774917793037434,0.9417694177743653,0.7620119982212866,0.6911685349322011,0.7506120711916195,0.872184808209956,,0.9162037346943116,,0.9005309501028256,0.902774719565793,0.6827369182602231,,0.877769794703415,0.8393087480036632,0.7192937836630424,0.9196246406575895,0.7205083967372612,0.6947266758054639,0.7495799883439807,0.791606048955735,0.89433701960676,0.8292589436689889,0.9343059466651616,0.9245875431279937,,0.845408738132076,0.7611785294137778,0.6406675356100535,0.8992161902280951,0.7678376047876901,0.7229855250722488,0.8964566753144492,0.910974378905778,0.896470591031221,0.8775496246905845,0.8701611695750289,0.8939318127469794,0.8319109120651349,0.8699109657741984,0.5482228187086954,0.8062570829447108,0.8019052303266562,0.837342695679713,0.8415814932975162,0.7487142713064007,50704.681335607966,41854.62548929808,50763.35677399322,60941.68580777143,66203.44323259004,65700.66665685986,78117.55649358836,52532.59487593074,72081.01773703453,78149.0764124927,86292.34589817667,47402.38299410755,99911.3311497201,77763.04944207516,22177.382316392854,22529.852161505187,76460.51632733474,85400.12172939794,37069.65894728519,47743.57633534051,66020.37292940376,76821.79334771889,43857.626521948325,73552.97709789939,41842.35870460856,34807.594221753,57184.27802405056,62965.39130397074,83736.89766410095,87282.98241367983,48304.1305635148,65499.08642644806,51542.79220968006,22391.53236660266,31823.528003881718,16423.50773439243,88088.38049295881,68396.8917520482,72218.96586423334,32999.88075847739,47388.56889905054,43726.96399950444,49271.95096553039,39710.15390239851,95173.08755710059,20526.65055141131,49599.450446397765,21812.52227590498,120221.4740853952,23395.273613907983,78516.08876044056,116228.82009284542,94247.14617489692,79586.88069369306,53849.59769608597,32255.800309905822,46599.17287978216,63295.01747613665,69892.60936610262,87142.60323218544,51418.17831903526,56925.20250665891,22201.27473783875,84527.1454092225,63514.72539594938,35315.867872740506,82763.01451864568,90553.31667595328,59258.94270516589,32394.71058759687,68037.17664229464,60159.14961247526,93500.14028264757,30615.175804503968,96199.33209651246,60395.998191722254,44321.48157966966,40070.24283588461,114607.65162719574,173290.66858693946,79637.38394686658,73924.7526159267,64760.09445704004
1,0.8013301160047455,0.7288361098039553,0.8625775069231596,0.8460797716669658,0.7492097562425724,0.7845369872824582,0.7880692555533257,0.8341276983584655,0.7997940063931198,0.8130858221887657,0.8513050291698787,0.9025256560876369,0.9254075580803028,0.8395818207713353,0.7296678731324,,0.9129986669400347,0.8486265977882483,,0.9239890965540629,0.837102368445039,0.9188198733726353,0.9322907241371206,0.7853805295600367,0.834923629084743,,0.9092934482023215,0.7261321499838842,0.9225706189616446,0.8357620655907045,0.9102849681345789,0.926349867748449,0.787633149993655,0.8441468759858965,0.5856031533484617,,0.8769277796258492,0.8819498976513206,0.9126853883728567,0.8187510080761303,0.722818614705608,0.7989706251094515,0.8717486303105257,,0.9309097960223381,,0.9349950146820777,0.9144342762314829,0.7575527707537604,,0.9026696540213133,0.8466218874064607,0.7520603999206059,0.9236702257908651,0.805226495636325,0.7556117870516736,0.8113957295500775,0.8569188251715352,0.9129454157117739,0.8797886172039867,0.942199028599605,0.9354108426310598,,0.7816586966734442,0.8151726360459542,0.6974896690270875,0.9220682621701336,0.8232963523987092,0.8122613152630368,0.9140202757736224,0.9216041922924544,0.927456482759968,0.9258240248306705,0.8836893296256444,0.9262668578619018,0.8544511012731988,0.867683703653026,0.6550311995275713,0.8662456285086988,0.7939612546512453,0.822246070897504,0.8488044275207179,0.7703899536628457,80611.00309247784,65165.60008462538,80487.24136970809,89220.55901898045,100458.04857744588,80621.00943078657,99062.17735892169,62116.87655916324,70056.61510938974,103552.30404176484,90709.42045255529,52064.98042356626,145540.45223738448,96920.45275737174,30827.46180413995,27861.945531172023,76278.7881841418,109621.4309525256,55139.43531658273,83277.34909549583,87523.96141639317,78063.55316149617,56278.34318861791,95330.62739628533,55017.21432657328,40844.9791321424,68424.66713231723,88976.38496300142,98956.093151429,102864.0610546641,59358.65399587326,73253.22232687255,59728.83938393106,41569.68786657213,49761.226390154756,16646.38077396594,127670.45123122405,85838.78244957978,92474.44885050437,40810.16226362964,66546.34973896603,49507.91717791186,57510.95187446832,62084.987282957896,104188.8263454382,28985.07941916267,51914.54707467587,25591.21252797208,186735.9136803602,30788.207891805025,98128.77606903615,165132.08523444994,89717.38005666742,89120.89665591923,75888.72378425978,43390.38751621513,59323.758887222604,86167.16573298706,75565.26881791362,124318.27598685243,73975.07906770542,74999.89895295663,29565.747655595864,92659.20964325439,76262.53251746306,45979.15723853256,74024.7941844209,107807.6258377159,69045.33247927106,41844.496988654646,77537.35476758763,78101.06832209608,110471.89655649042,39158.84689216295,118922.72370936547,86610.77433192031,63631.80596831614,63444.18975111108,171084.24395581736,213503.08996496658,104843.79635434103,80009.51315368549,102601.6818201731
2,0.7708445266238648,0.7091141297129353,0.8123519675739334,0.802182282953463,0.765449982223388,0.7437236896495049,0.7595798732215459,0.7563380630288395,0.7913148274352594,0.8203846901274127,0.8311109820205201,0.8597299339449763,0.8822098993467039,0.8150237542264135,0.7087422998131557,,0.9003587511941369,0.8063959297439436,,0.878616768726492,0.8249702842968578,0.8892782062051781,0.8624234235138444,0.7519669356398766,0.7042501583370994,,0.8668648153765962,0.714560745084096,0.8799064356022854,0.81177595489487,0.8695447478297652,0.901104398617183,0.7887218548823992,0.8083288594904885,0.5554678822094608,,0.8401921077988475,0.8745428887116365,0.8997407275935876,0.7925661869611559,0.7400359507448485,0.8055888708192426,0.845834296130875,,0.9125316688548015,,0.9068482448048494,0.9132736607812799,0.7089000297519841,,0.8920802837692328,0.8414501441993775,0.788995961442039,0.909949234934649,0.7355587676256317,0.7262349549968221,0.7692535742940928,0.7823300725886875,0.894448017465571,0.8300360025087067,0.9182459517314467,0.9068180182598246,,0.7506215994018125,0.815350100484249,0.6832634006371476,0.9004517166118619,0.7840102734781315,0.7611312744980279,0.9061775432154958,0.8962539826505271,0.8959460886467794,0.8924827135021304,0.8369402251455289,0.9090818211705729,0.8094154306193367,0.869699508178591,0.6394673624710738,0.8196467566695081,0.7962797926630657,0.8321126755737185,0.8571932877945295,0.676082916580046,75833.89688609427,56903.20756462066,58919.24404612256,85647.60939437381,86796.91505434616,84784.67570808483,81833.84375334135,70450.29803032799,85409.78109510339,109338.68962831901,98992.12397293303,54146.000518880755,125159.7100442315,94968.25393607958,26897.1547061534,21930.46189367988,75148.12757865514,112655.35195088357,56173.07392033846,69438.28357969847,92571.65513272845,84235.79985134983,55481.19571573331,87400.8738275316,55573.791035731374,45101.826286359,71562.10977740344,71438.46295426131,99610.1630273725,119090.07809513128,57200.47095475579,67791.41692340054,69931.97709311238,39113.00420832185,41422.39476753608,15334.319509961462,102160.77460536733,96547.97937941522,77272.24376778502,39809.00078798598,64726.13390456216,49521.23298621278,56677.441396780334,65889.78926382223,107285.30945937616,25775.88182646956,61566.38716428311,22351.157769434976,161434.87700673033,22562.83913044035,94761.47464434903,146963.56607746036,91403.50834672221,85701.34509702837,60513.88877408147,41714.155573041826,53526.38989809912,72056.72621615448,76050.79511517115,114404.81026349719,64295.89794357932,84587.63256896468,21712.085568948547,63612.44699075018,65239.67153070299,51288.24387989008,96411.702236071,107830.51990963331,69153.97712888331,31421.116359428102,66737.31740926068,75156.86052218781,115533.22802658755,41642.84665419329,119124.21179098208,86009.20291379897,78486.03353862495,70952.67911959867,140263.8390388866,213260.46605288098,99993.33109875333,94953.65167407578,89021.35502749935
3,0.8024105947250117,0.7869579305542765,0.8690937323876933,0.8575848765903868,0.7387731526413998,0.7784663515511502,0.7812824260451328,0.8746162780094228,0.7900441957174,0.8079679301830335,0.819429852604987,0.9657651408230633,0.9482061717087195,0.847045067449453,0.7387698517915217,,0.9238089189773022,0.8439090035899385,,0.9042227949352968,0.8407511373069417,0.9151098543334624,0.9408788165699615,0.7903625380143898,0.8305284081164871,,0.914960055863471,0.7333997492786711,0.9121249306201882,0.8320508667918818,0.919383529611882,0.9383914964818132,0.8003010011041011,0.851289278302453,0.5818483488949496,,0.8767645626435995,0.9105974417163559,0.9552663953625716,0.824024703237177,0.7590769395661964,0.8106645237974194,0.9113719592193453,,0.9373274737171371,,0.9452357350356395,0.9384506973133636,0.7436414286178756,,0.895181041223644,0.8630300170451477,0.7830116305479258,0.9325953052912802,0.7911478287431012,0.7628311588699014,0.8329597824093748,0.8063376205381322,0.9320737506808279,0.8782725109977658,0.9731803214663903,0.9719890565102497,,0.7885513473663001,0.8138562335393702,0.7146997545469613,0.9309551905261333,0.8206004325802903,0.8081390866952748,0.9283874671118001,0.9298334728435352,0.9414125147929991,0.910482133212517,0.9411842624605533,0.9356377817783994,0.8345241390228983,0.8772992777149756,0.6633718336691247,0.8319368589136393,0.7650921584991417,0.8298112158185278,0.8825393976849677,0.7610799856528213,28232.74371885654,37464.18719585142,31720.173525783754,31577.075746453324,50030.86620485883,56494.54349638783,42185.447532907,34268.02906900946,32941.207514766706,52494.267227273696,44319.99079484543,26128.315601114446,47758.50589969664,45211.987114792995,19262.768419554628,12426.855149954783,40862.050944443006,53716.90920603,29622.464785338467,25533.28305696084,55523.24867113286,40150.330601147936,24993.130161379635,50576.419640283326,26006.36235102001,21545.265618503116,41914.13206019966,45151.06002336494,50453.20882663368,52220.658783602514,32624.401301323232,44881.35841808727,43069.31557434876,21084.31588512243,24713.56688163525,10313.595795125173,55188.97796077448,48151.361227843256,41560.19773121728,20110.550582638225,46079.483006352464,26163.786076281638,30037.164135068415,35298.30580693655,75690.14594337187,13439.280559826282,38670.56621592153,12736.958774786266,110189.12575554856,13601.45793753671,69632.62313867883,102678.88452082811,55244.04464434095,52256.39665113091,32011.212876389152,28079.80640870278,26667.144498969406,33280.63991120257,34247.51753529991,54505.238633824694,41112.73701934976,42175.448548488705,14238.93033618836,33382.99105211832,44099.02783087938,26336.020878201503,27681.416220250212,57103.21182511994,36462.58488011256,21365.99378918655,40616.06620675684,48793.70113539067,64355.504243991265,27663.905521083634,73259.00743809706,37730.25264030321,31911.09671693581,36684.76765632942,97133.97313731068,153725.34583868593,54130.93877490321,37848.76016732759,37045.17314769848
4,0.8390081251498187,0.7350526552615987,0.8030708345185067,0.7686021790689689,0.6805756455748283,0.72419848166225,0.8202482848804705,0.7587547941749155,0.7448605288984971,0.7841320236544551,0.7989561251330954,0.8455713815047885,0.8541288579348097,0.8797527179909225,0.7063127568154628,,0.8866579253812307,0.8859766406482625,,0.8986876594515666,0.8021420981359121,0.8966950539482748,0.8843604504280064,0.7646699438918937,0.8126522793789132,,0.8516385604583181,0.7205305987232127,0.8597349240204553,0.8713910814065235,0.8841259913397149,0.8953177945005816,0.7905924834746899,0.8008687219637637,0.532999223378836,,0.8672211458095229,0.8506521816330423,0.8667726531998575,0.7986303030549253,0.7569015107665392,0.8362544977363457,0.8538638251942963,,0.9107125192636079,,0.8940212301708224,0.8961146006348846,0.7355738248058771,,0.8220270457115689,0.8308241591833467,0.7745258531662652,0.8855383491022284,0.8685631920677437,0.731842564074336,0.8014596531660746,0.8889458536951241,0.9110337883695704,0.8298003182243083,0.9013356428540968,0.8875463751846475,,0.7007020881114622,0.7725285067493544,0.6889691608831706,0.8822000083169996,0.7662826778991716,0.828648001529214,0.9019758620645615,0.8860385484700711,0.9006045580309446,0.8715959623241877,0.8107293808953989,0.9067319652553378,0.8361866108038304,0.8288883637690853,0.7013835447179149,0.7969051347813777,0.7648970417096789,0.7907648017750027,0.799519260721826,0.6946158888390392,76316.9063696781,64250.56576519066,53705.122009691244,93599.31737218914,94181.49422758791,95575.10627086555,89086.49057383853,69753.9239590566,94722.6714896575,127391.73781198304,114313.88682559376,63564.96443265099,146386.3146298778,98536.78343729755,26327.029909657063,21265.800176630022,110738.11976880755,176345.85949024934,65746.44437014784,76050.30203214471,104351.56268062534,82545.01820785522,68884.93143277288,105707.47255143576,70068.12104517221,49526.428181270625,92747.23754029839,94154.22571731564,113960.40550143259,150738.36914230284,69338.17952623231,82401.47392461832,94177.14975954211,48669.9893544906,52459.325284237,13735.887221213661,141784.72360968104,92407.83900767131,102874.11746946939,45181.76218420543,81448.64384355652,53578.62917699211,64810.124324513,72234.40057742402,140950.08923821937,32179.492562252388,55561.01000335605,31411.544049466793,176800.05791146087,22919.52610034948,119760.39750399272,164586.7655397174,111051.01759046555,106770.19457309009,63998.81967324871,46586.31056755256,60374.1827766145,103460.31265952141,111955.01085039576,153653.02539336943,74112.83377611135,89040.3818563558,20822.772314452413,70372.30619111673,76841.8936812397,51753.33564321789,95344.77215960862,124392.86164504156,76030.32875223568,25413.315749990492,110098.84436539453,91419.5822901005,141796.97839264758,47513.984686409334,118326.47004562718,88464.92349685957,88160.1073535935,80218.70738091372,167027.49615635216,218063.17980623787,111733.72956278795,121894.0916509405,77915.70856746906
5,0.8032760853436354,0.7357369453034346,0.8675128043812945,0.8515942554623717,0.7511072558244323,0.7866741605497583,0.7891570293774925,0.8451092191827699,0.8017915919782203,0.8186569239249872,0.8547654772732686,0.9190528619045346,0.9418104495768581,0.8463281266094854,0.7355264350677196,,0.9208057509699169,0.8477846056696614,,0.935531505839846,0.8439976745656093,0.9250715010414501,0.9413378396422267,0.7901278345254954,0.8359647630355656,,0.9150365537278642,0.7318681192515855,0.924511445432705,0.8359515794218473,0.9164710550606862,0.9340126872102744,0.7963526135910591,0.8499911608621461,0.5868686564425358,,0.8804576720502361,0.8955456033140553,0.9249045521424369,0.8240064002503917,0.7359246898556724,0.8068854753069901,0.8796121832384296,,0.936520853723396,,0.9352398817222917,0.922790564720375,0.7636384593272879,,0.9094085674874504,0.8546122739336277,0.7616285500938578,0.9287217896410467,0.7993704761567194,0.7611061165551164,0.8151127821901694,0.8564130436071409,0.9222096657779726,0.8826662683750551,0.949846442720922,0.9442843582466166,,0.7818458973539365,0.8215057858744028,0.7037644539606996,0.9291222372785861,0.823908390555658,0.8178974505331394,0.9292001406857893,0.9276761021484388,0.9275463158670778,0.9283597920219991,0.8948743317410962,0.9344115612002741,0.8569663349017755,0.8741462318058771,0.6614883248314651,0.8763884038722966,0.7965776110429466,0.8271902302347496,0.8601929167143938,0.765429755877449,68400.68883817064,51646.19825072539,76442.9271798119,57627.506032897436,86008.51259588465,73713.4091612495,103666.5847757734,63147.9438748544,73438.36986522436,97413.90816019008,90045.06109767116,47427.041752736724,144634.69841546388,90801.00525638908,28057.32070927637,28229.01687572615,80605.0149537926,112408.93160285457,50828.66834859718,53162.888761786395,80870.6312272074,75266.06383225847,55023.50007988512,104003.33389812098,53808.089615018675,43140.92787049603,80327.94584616047,90637.79806947158,97531.70727410662,113753.61476506318,58613.54534127108,68865.52468873562,63902.86397327466,32529.865750278434,45638.554476489924,16313.76043809849,110549.05449854354,83207.7252105649,94571.68202112013,41730.93389671213,65314.610590740995,52316.23045415773,56491.08763763846,53429.586497342025,91155.07936137635,28104.81243261848,51396.35589516296,25719.64181295043,174278.81252952584,30044.067859615123,101382.82144377432,160877.28361844248,89106.18237333244,78269.68587341967,56981.77084001,38943.228311511186,56322.12113156959,81901.52173347528,71354.565182697,112444.71816939543,67484.1234223759,61767.91130254916,27595.99772227948,84195.696834284,72270.75620985721,42108.1482329866,69779.06942129623,103568.18486296723,68742.0583471388,35842.19513865687,72842.65965527181,84351.86925694301,109185.86481928473,36132.12575190202,110602.71369057352,82689.48580032798,53704.68079749651,46180.6726864284,164517.36576157485,216112.06112706978,103795.48410629423,79721.12385459893,85874.09964763327
6,0.7957843609072905,0.7043304513230887,0.77023202601634,0.7743568942328594,0.7213061490757806,0.7106973479802008,0.7799443063477643,0.7244924109346421,0.7582083651927437,0.8143307383096285,0.7671392457200982,0.8569794853582372,0.8796283338636326,0.8242072296492526,0.7030251683904453,,0.8600551763490442,0.8343307967199349,,0.8689175234543408,0.8072326978896985,0.8619365947472161,0.8659734951238488,0.7560166426904849,0.7200779324429466,,0.8501258402015349,0.7177649865978069,0.8479819445759298,0.8349905217930791,0.8529012054949869,0.8910188055684889,0.7970441610622305,0.7879635542032848,0.556260302441053,,0.8597816442050563,0.8688376072425419,0.8794607123747875,0.7734486047302056,0.7555518415723141,0.8134166094669865,0.8326142441369022,,0.8943922805774209,,0.895339352291668,0.9001855589212808,0.7016767868055456,,0.8582718608033314,0.8165129729344353,0.8056674478694605,0.8818945534802962,0.7699743785726201,0.7323874517447836,0.7554651361816829,0.8032950346055185,0.8862097511272097,0.7964555280405843,0.9068215800400995,0.9028470326988453,,0.6958699203445529,0.8186576649219723,0.6897254608860817,0.8847809207288979,0.762687642064641,0.779716238894439,0.8908155250208644,0.8661703850518275,0.8748100939519884,0.8560597150896179,0.8308408033586202,0.8937410324654963,0.8124478400595915,0.821853108240857,0.6640680417918551,0.780634450918768,0.7634851668784656,0.7794539896429139,0.816202099042604,0.6250086764235749,47356.37252660293,58246.10810431292,49436.24881316005,79389.39761572499,66559.32868997038,75363.02461671177,85173.15690996249,54394.10577000518,78629.90981572669,94727.34788985728,75608.1452325024,45079.15187497945,81796.4964019004,81134.47287952276,29348.377358844136,21132.982015166002,57947.674694728295,70842.19075604872,49481.33887819468,62291.88157933199,82624.4240791411,59713.696873955494,48227.92167316325,67074.93250183787,48991.90549382639,42590.016222894046,53235.01107849116,71178.5218459484,79055.47991642579,91625.0341402735,48790.97558949279,60908.840431687975,75036.93741336843,34238.577005524814,42382.952407388606,16992.650381795807,98438.18820274588,84407.65019836034,67815.21280070124,38899.63202738244,50389.94838645867,42933.90068828801,44391.075045123296,48008.6681211558,91289.91167354111,24640.30053888396,62929.529090000586,18811.296696924393,135323.00409946908,21845.204690404204,90285.70400596561,140671.64811242733,71845.19991808743,63359.967183587985,61551.93823010244,43688.05959624564,49560.247760519305,66020.28766720984,65845.7934746905,92141.84638397513,64633.66121571241,72186.04879164734,20890.08498789977,69507.86505663692,78233.69971812294,44735.13998822267,67592.10951233811,85980.98081705035,72322.9871086931,33608.021440092925,50375.30353363115,68527.89118946798,99939.54269094541,40174.859847015774,131199.33264356156,72674.49527014264,55732.16930786357,56377.893585573096,118798.34554479463,174906.95157837268,93073.3089019555,63132.456120704606,52818.66295265319
7,0.8261495061737265,0.7723168203418975,0.8622331835018797,0.8966009112392939,0.7808818345482973,0.8431881580826489,0.8479376286468596,0.8252925922845332,0.8511913986459541,0.8348712287969339,0.8297492425272819,0.8965712846049495,0.8976928948929925,0.8876390873379876,0.8172454163998282,,0.9392222946044936,0.8578880540180798,,0.9404459277697568,0.911513432026079,0.930689082545654,0.9548931387963049,0.8526430480869776,0.7863021495995017,,0.9547096560088904,0.8117330968463002,0.9283285329943963,0.8470846122509026,0.9266001812626636,0.9482882210907394,0.8868011386450252,0.8778671281012836,0.513390314881409,,0.9299531786946779,0.8875175209258706,0.9161534768515347,0.8660077496747531,0.7935158548668518,0.8513347718546043,0.8860096536996401,,0.9490609330629853,,0.9549608867511248,0.9600134922241744,0.7821414409368028,,0.8878390779894451,0.8969453203199904,0.8053705387854078,0.950777086171401,0.7942527278110505,0.8227459595074376,0.8315922695311848,0.8208327074559801,0.9386424687774148,0.8623898157634426,0.9784231393262126,0.9734748285157746,,0.7699718583486349,0.8451881263776321,0.7868569552013253,0.9860990430470195,0.8423463419464622,0.8412616258318969,0.944940817258019,0.9373682520391529,0.9403389590137138,0.9225043084100363,0.8595423322274587,0.9478869421825432,0.8781180760223964,0.8858551186414821,0.7271773566915504,0.8633347124139251,0.8107806142949755,0.8306089441870425,0.8764986312606462,0.7250991353547331,91301.78118241868,98190.6055182655,91656.80407251383,104381.88056674437,120818.2185348927,83534.85177765468,93062.31992164504,84730.09876065845,90128.51959797827,122440.25224564828,95346.41067506059,77361.96580751888,132708.4228572084,97223.1863679652,38829.50262511027,50747.198669787715,103655.48852945474,107987.07969738723,77488.34558414719,101615.15688952578,101400.15624205807,83214.57082426644,97157.54592145908,115074.2190889363,96470.63205551384,75198.79900389427,87208.6394057065,119728.29307284913,102836.88604690159,139978.3175791013,71077.13169464676,95924.62433100751,96243.66435411836,44107.55165064031,57247.86539210903,47873.1264687488,149365.95927873033,104349.14850540059,87821.70842032626,67801.90262942493,80070.2628311416,71748.9390708982,66325.94933747375,85104.83041210067,175091.00789709226,53131.403439220776,57928.5320993479,32881.11388187316,143985.24697479178,48746.28467997833,99207.57712376567,144308.3047070925,107270.76293656325,91952.20823219599,98088.93994087656,87722.33849093715,77994.47005504782,90233.51682202857,104337.66286830098,164516.56684483387,102861.8454961676,118298.27906835993,50738.70912553762,98841.41439683198,115200.94593711804,57479.331508446776,44831.130754643054,119271.72473751273,127645.12534117766,39878.56743591908,79196.66249888379,91625.67651456292,158797.804968159,57132.93650926571,126790.08818073256,104082.29026961185,75542.438901938,74891.46158948401,131625.99983567948,148318.2237255288,122912.9632449115,86516.31207496279,121125.9997474704
8,0.7980767964272459,0.7288869536139695,0.8262428925534273,0.7967243869059982,0.6905374338332243,0.7680264023509473,0.7679564796094884,0.7972039779047027,0.7909449836692627,0.8199401715684373,0.7805596671890926,0.8435880887330378,0.8488597298986096,0.8427966788266943,0.6871970282258248,,0.8871417180783782,0.8327907438015538,,0.8820336165061372,0.8059332370270281,0.8687590149647207,0.8882286608603482,0.7520079349054064,0.80080547119705,,0.8771421283160427,0.739003958231248,0.9052660332912856,0.8258325481726795,0.8888537370083585,0.9100841812282289,0.7718855848445534,0.7963226015755926,0.5618273825979954,,0.8519888434532058,0.8591231807534401,0.8742068166543764,0.8033180247940575,0.7675466550673179,0.8262396063950193,0.8340831899769832,,0.9102266822624931,,0.9039036796920262,0.9158251925879793,0.7240615463258345,,0.8541179674265906,0.8685726713221606,0.7655238898328903,0.9098247026064622,0.7967488444580828,0.7330297366868818,0.7925517266774847,0.8387700319386218,0.8910238726080945,0.8515589829944554,0.9095754013299788,0.9039149899597443,,0.7257934267165377,0.8226296219864534,0.7029682665987689,0.8966810188940363,0.8164222588755435,0.7826307762216123,0.905419167265904,0.9101334169174451,0.9267626019397336,0.8972524823116441,0.8241133720158285,0.9123539487812746,0.8106493772155764,0.8787943183367645,0.6661135671221315,0.8863127787284151,0.8073172380058746,0.839802301453497,0.8463802576673239,0.7533469642362476,58132.29200906657,62588.23881469102,54310.97983499711,60502.62409571976,58155.58299595418,86819.55823720846,65511.827457059,57179.21666601565,62446.53811080701,83762.81300167677,77902.996345753,59689.59924275763,74531.1414266781,75971.87684742539,42630.75162890235,24333.467877298863,61778.96911428312,78941.70082803727,65229.42814764151,58724.28314135871,48316.173548870356,69627.80007004808,52719.96706622228,66719.19460834117,54243.65224321738,55722.80999868222,63707.39898206944,73432.8834211017,94070.05840854876,92222.07526245946,59574.543838225654,67986.17056416586,85706.36041105184,50334.78291189807,52969.766650749196,21160.65280037589,86433.0180431736,85673.69919995521,61342.698541153746,38340.04394514063,67695.79328825291,60970.62274602934,52751.51367619861,66927.41841530494,91690.98569098947,34183.722988473455,64504.88585014685,18853.093993114366,134473.8142352914,24831.159321826242,87739.79011787447,141074.73259517227,90386.79397949256,63985.619187569915,60423.42598052292,63267.794639525135,54806.27310465775,60782.46115463821,57086.05207973768,79638.07400470349,82822.04199238664,63057.017673132184,24172.38804665525,58589.85710648334,66178.07151005867,66206.95151431941,47632.617529209674,98531.62812591753,67974.99159005069,27269.311028718777,59653.20742578023,69721.65706736501,85357.86629623803,53357.79223104932,106027.99683887053,58450.775193148336,79293.2565748888,68872.67231061847,118925.67367658191,208764.37005431997,76866.28938203241,75957.99128035977,55747.528277255115
9,0.8049002014470779,0.8108555042690045,0.8705597786834743,0.8622123231624644,0.7438026440603493,0.7818555865965334,0.7836643066630321,0.8636960023801121,0.7933551309304558,0.8124962219483681,0.8269350450091311,0.960735622470362,0.9457176231074986,0.8582940629386012,0.7435725329233291,,0.9295419610489662,0.8439290121635649,,0.9072044883358061,0.8452664325553654,0.9210948898055956,0.9395402349709736,0.7945059425070148,0.8319411227353073,,0.919654422324481,0.7376101582545007,0.9198734891786946,0.8331633726885413,0.9248809977380515,0.9437994494285221,0.805124662477366,0.8558553109243642,0.583786251986888,,0.8795526814962886,0.9199166215656954,0.9429915385705199,0.8297503170957252,0.767454690829515,0.8154058631564286,0.9156609511839064,,0.9430973297455935,,0.9439648669836552,0.9416049052339361,0.7480729989569502,,0.8968315946043773,0.8699482881677848,0.7947043854044485,0.9367803739738803,0.790048130584336,0.7672066672429078,0.8395092423406316,0.8085358235080957,0.9298060116229918,0.9013291145390656,0.9767323953216613,0.9687806537344728,,0.782207845628783,0.817936565069081,0.7234640833414242,0.9359965554526882,0.8244080101755228,0.8236662123757887,0.93602474131014,0.934490797861827,0.9366476575858312,0.9152646397165218,0.9323275929769439,0.9478338022895667,0.840789996687569,0.8845785227223647,0.669237149706399,0.8387348314539279,0.7727947007923531,0.8383031263760052,0.8913960516144652,0.7611439216039673,35647.39669665593,36325.595356792444,30780.497768919922,40685.510392509255,53888.720928621435,58625.91026358788,44609.41499532569,26576.539410825255,36462.41385230363,55575.76253751783,47541.79490346662,30191.430693732407,62123.871938867895,48699.030025199485,15779.422181843776,13199.812597611131,47961.3700749605,61113.59789575387,35763.405207005584,33679.566332782044,54211.45237851279,41679.01041617845,24783.98086872304,44308.46966944185,25612.177214715142,19062.382211083488,50963.89990219345,33453.92926198712,51534.192812493886,59488.58316418416,33011.92167506912,48458.326009224416,34452.42609331887,24566.25781965943,16111.839377585162,10964.084508436645,62966.85596768872,47756.155840379855,44929.373416533606,18725.48726707287,59150.47107617315,23789.3605657049,33432.131160373494,39213.73484388771,84379.07399212389,12485.04063901274,39253.60908590022,14604.673892822011,109945.54310966973,12392.443675546405,67049.28796997835,105063.2247854968,60053.66580048758,61169.52304034865,39852.655947853986,21372.966860227643,30055.972095159912,39117.39826485056,45622.06416158521,58526.609030257634,43394.54878762701,42445.65620099949,13822.653455918398,41654.30939135551,44915.16878300115,27657.563906551277,37640.75627283049,57743.30468856818,40825.54784991737,19788.569389959528,44463.34320770253,49360.63087160171,66055.53937125434,25421.08319082592,75604.87970683046,35960.426208960715,43496.978216225936,35278.16648905219,101785.65486553429,161038.84096156663,54841.73372255,43970.20811350693,56454.780170351085
